[
    {
        "model": "ecoe.student",
        "pk": 1,
        "fields": {
            "name": "Juan",
            "last_name": "Perez",
            "registration_number": "2021001",
            "email": "juan.perez@example.com"
        }
    },
    {
        "model": "ecoe.student",
        "pk": 2,
        "fields": {
            "name": "Ana",
            "last_name": "Gomez",
            "registration_number": "2021002",
            "email": "ana.gomez@example.com"
        }
    },
    {
        "model": "ecoe.student",
        "pk": 3,
        "fields": {
            "name": "Luis",
            "last_name": "Martinez",
            "registration_number": "2021003",
            "email": "luis.martinez@example.com"
        }
    },
    {
        "model": "ecoe.student",
        "pk": 4,
        "fields": {
            "name": "Maria",
            "last_name": "Lopez",
            "registration_number": "2021004",
            "email": "maria.lopez@example.com"
        }
    },
    {
        "model": "ecoe.student",
        "pk": 5,
        "fields": {
            "name": "Carlos",
            "last_name": "Garcia",
            "registration_number": "2021005",
            "email": "carlos.garcia@example.com"
        }
    },
    {
        "model": "ecoe.evaluator",
        "pk": 1,
        "fields": {
            "name": "Carlos",
            "last_name": "Lopez",
            "specialty": "Medicina Interna",
            "email": "carlos.lopez@example.com"
        }
    },
    {
        "model": "ecoe.evaluator",
        "pk": 2,
        "fields": {
            "name": "Maria",
            "last_name": "Fernandez",
            "specialty": "Pediatría",
            "email": "maria.fernandez@example.com"
        }
    },
    {
        "model": "ecoe.evaluator",
        "pk": 3,
        "fields": {
            "name": "Jose",
            "last_name": "Ramirez",
            "specialty": "Cardiología",
            "email": "jose.ramirez@example.com"
        }
    },
    {
        "model": "ecoe.evaluator",
        "pk": 4,
        "fields": {
            "name": "Laura",
            "last_name": "Martinez",
            "specialty": "Dermatología",
            "email": "laura.martinez@example.com"
        }
    },
    {
        "model": "ecoe.question",
        "pk": 1,
        "fields": {
            "text": "Describa los pasos para realizar una historia clínica completa.",
            "station": 1
        }
    },
    {
        "model": "ecoe.question",
        "pk": 2,
        "fields": {
            "text": "Explique el proceso para elaborar un plan de manejo adecuado para un paciente con diabetes.",
            "station": 2
        }
    },
    {
        "model": "ecoe.question",
        "pk": 3,
        "fields": {
            "text": "Realice un examen físico general y describa los hallazgos normales y anormales.",
            "station": 3
        }
    },
    {
        "model": "ecoe.question",
        "pk": 4,
        "fields": {
            "text": "Identifique los diagnósticos diferenciales para un paciente con dolor torácico.",
            "station": 4
        }
    },
    {
        "model": "ecoe.question",
        "pk": 5,
        "fields": {
            "text": "Describa los pasos para realizar una técnica de asepsia adecuada antes de un procedimiento.",
            "station": 5
        }
    },
    {
        "model": "ecoe.question",
        "pk": 6,
        "fields": {
            "text": "Explique cómo se debe realizar una evaluation de signos vitales.",
            "station": 3
        }
    },
    {
        "model": "ecoe.question",
        "pk": 7,
        "fields": {
            "text": "Describa cómo debe ser la comunicación efectiva con un paciente pediátrico y sus padres.",
            "station": 2
        }
    },
    {
        "model": "ecoe.question",
        "pk": 8,
        "fields": {
            "text": "Identifique los principales signos y síntomas de una infección urinaria.",
            "station": 4
        }
    },
    {
        "model": "ecoe.question",
        "pk": 9,
        "fields": {
            "text": "Explique el manejo inicial de un paciente con sospecha de fractura ósea.",
            "station": 5
        }
    },
    {
        "model": "ecoe.question",
        "pk": 10,
        "fields": {
            "text": "Describa los criterios diagnósticos para hipertensión arterial.",
            "station": 1
        }
    },
    {
        "model": "ecoe.evaluator",
        "pk": 5,
        "fields": {
            "name": "Luis",
            "last_name": "Sanchez",
            "specialty": "Ginecología",
            "email": "luis.sanchez@example.com"
        }
    },
    {
        "model": "ecoe.station",
        "pk": 1,
        "fields": {
            "name": "Station 1",
            "description": "Historia Clínica",
            "evaluator": 1
        }
    },
    {
        "model": "ecoe.station",
        "pk": 2,
        "fields": {
            "name": "Station 2",
            "description": "Plan de Manejo",
            "evaluator": 2
        }
    },
    {
        "model": "ecoe.station",
        "pk": 3,
        "fields": {
            "name": "Station 3",
            "description": "Examen Físico",
            "evaluator": 3
        }
    },
    {
        "model": "ecoe.station",
        "pk": 4,
        "fields": {
            "name": "Station 4",
            "description": "Diagnóstico Diferencial",
            "evaluator": 4
        }
    },
    {
        "model": "ecoe.station",
        "pk": 5,
        "fields": {
            "name": "Station 5",
            "description": "Procedimientos",
            "evaluator": 5
        }
    },
    {
        "model": "ecoe.evaluation",
        "pk": 1,
        "fields": {
            "date": "2024-06-30",
            "duration": "02:00:00",
            "type": "Final"
        }
    },
    {
        "model": "ecoe.evaluationstation",
        "pk": 1,
        "fields": {
            "evaluation": 1,
            "station": 1
        }
    },
    {
        "model": "ecoe.evaluationstation",
        "pk": 2,
        "fields": {
            "evaluation": 1,
            "station": 2
        }
    },
    {
        "model": "ecoe.evaluationstation",
        "pk": 3,
        "fields": {
            "evaluation": 1,
            "station": 3
        }
    },
    {
        "model": "ecoe.evaluationstation",
        "pk": 4,
        "fields": {
            "evaluation": 1,
            "station": 4
        }
    },
    {
        "model": "ecoe.evaluationstation",
        "pk": 5,
        "fields": {
            "evaluation": 1,
            "station": 5
        }
    },
    {
        "model": "ecoe.score",
        "pk": 1,
        "fields": {
            "student": 1,
            "evaluation": 1,
            "station": 1,
            "score": "85.00",
            "comment": "Buen desempeño en la historia clínica",
            "feedback": "Debe mejorar la precisión en los detalles"
        }
    },
    {
        "model": "ecoe.score",
        "pk": 2,
        "fields": {
            "student": 1,
            "evaluation": 1,
            "station": 2,
            "score": "90.00",
            "comment": "Diagnóstico preciso y buen plan de manejo",
            "feedback": "Excelente manejo del caso"
        }
    },
    {
        "model": "ecoe.score",
        "pk": 3,
        "fields": {
            "student": 2,
            "evaluation": 1,
            "station": 1,
            "score": "75.00",
            "comment": "Necesita mejorar en la toma de historia clínica",
            "feedback": "Falta de detalles en la anamnesis"
        }
    },
    {
        "model": "ecoe.score",
        "pk": 4,
        "fields": {
            "student": 2,
            "evaluation": 1,
            "station": 2,
            "score": "80.00",
            "comment": "Diagnóstico adecuado pero plan de manejo incompleto",
            "feedback": "Buen juicio clínico, pero faltó manejo completo"
        }
    },
    {
        "model": "ecoe.score",
        "pk": 5,
        "fields": {
            "student": 3,
            "evaluation": 1,
            "station": 1,
            "score": "95.00",
            "comment": "Excelente historia clínica",
            "feedback": "Muy detallado y preciso"
        }
    },
    {
        "model": "ecoe.score",
        "pk": 6,
        "fields": {
            "student": 3,
            "evaluation": 1,
            "station": 2,
            "score": "85.00",
            "comment": "Buen diagnóstico y plan de manejo",
            "feedback": "Buen manejo del tiempo y recursos"
        }
    },
    {
        "model": "ecoe.score",
        "pk": 7,
        "fields": {
            "student": 4,
            "evaluation": 1,
            "station": 3,
            "score": "88.00",
            "comment": "Realizó el examen físico correctamente",
            "feedback": "Debe mejorar en la comunicación con el paciente"
        }
    },
    {
        "model": "ecoe.score",
        "pk": 8,
        "fields": {
            "student": 4,
            "evaluation": 1,
            "station": 4,
            "score": "92.00",
            "comment": "Identificó correctamente los diagnósticos diferenciales",
            "feedback": "Buen análisis clínico"
        }
    },
    {
        "model": "ecoe.score",
        "pk": 9,
        "fields": {
            "student": 5,
            "evaluation": 1,
            "station": 3,
            "score": "78.00",
            "comment":"Necesita mejorar en la toma de historia clínica",
            "feedback":"Buen manejo del tiempo y recursos"
        }
    }    
]
