[
    {
        "model": "ecoe.student",
        "pk": 1,
        "fields": {
            "name": "Juan",
            "last_name": "Pérez",
            "registration_number": "REG123",
            "email": "juan.perez@example.com"
        }
    },
    {
        "model": "ecoe.student",
        "pk": 2,
        "fields": {
            "name": "María",
            "last_name": "Gómez",
            "registration_number": "REG456",
            "email": "maria.gomez@example.com"
        }
    },
    {
        "model": "ecoe.student",
        "pk": 3,
        "fields": {
            "name": "Carlos",
            "last_name": "López",
            "registration_number": "REG789",
            "email": "carlos.lopez@example.com"
        }
    },
    {
        "model": "ecoe.station",
        "pk": 1,
        "fields": {
            "name": "Estación 1",
            "description": "Evaluación de habilidades clínicas básicas"
        }
    },
    {
        "model": "ecoe.station",
        "pk": 2,
        "fields": {
            "name": "Estación 2",
            "description": "Evaluación de la comunicación con el paciente"
        }
    },
    {
        "model": "ecoe.station",
        "pk": 3,
        "fields": {
            "name": "Estación 3",
            "description": "Evaluación de diagnóstico"
        }
    },
    {
        "model": "ecoe.station",
        "pk": 4,
        "fields": {
            "name": "Estación 4",
            "description": "Evaluación de procedimientos"
        }
    },
    {
        "model": "ecoe.evaluationgroup",
        "pk": 1,
        "fields": {
            "date": "2024-07-01",
            "duration": "02:00:00",
            "type": "ECOE Final 2024",
            "students": [1, 2, 3],
            "stations": [1, 2, 3, 4]
        }
    },
    {
        "model": "ecoe.evaluationgroup",
        "pk": 2,
        "fields": {
            "date": "2024-07-02",
            "duration": "02:00:00",
            "type": "ECOE Intermedio 2024",
            "students": [1, 2, 3],
            "stations": [1, 2, 3, 4]
        }
    },
    {
        "model": "ecoe.evaluationgroup",
        "pk": 3,
        "fields": {
            "date": "2024-07-03",
            "duration": "02:00:00",
            "type": "ECOE Inicial 2024",
            "students": [1, 2, 3],
            "stations": [1, 2, 3, 4]
        }
    },
    {
        "model": "ecoe.evaluationstation",
        "pk": 1,
        "fields": {
            "evaluation_group": 1,
            "station": 1,
            "student": 1,
            "station_score": 85,
            "station_comment": "Buen desempeño en habilidades básicas"
        }
    },
    {
        "model": "ecoe.evaluationstation",
        "pk": 2,
        "fields": {
            "evaluation_group": 1,
            "station": 2,
            "student": 1,
            "station_score": 90,
            "station_comment": "Excelente comunicación"
        }
    },
    {
        "model": "ecoe.evaluationstation",
        "pk": 3,
        "fields": {
            "evaluation_group": 1,
            "station": 3,
            "student": 1,
            "station_score": 78,
            "station_comment": "Diagnóstico adecuado"
        }
    },
    {
        "model": "ecoe.evaluationstation",
        "pk": 4,
        "fields": {
            "evaluation_group": 1,
            "station": 4,
            "student": 1,
            "station_score": 82,
            "station_comment": "Buenos procedimientos"
        }
    },
    {
        "model": "ecoe.evaluationstation",
        "pk": 5,
        "fields": {
            "evaluation_group": 1,
            "station": 1,
            "student": 2,
            "station_score": 88,
            "station_comment": "Muy buen desempeño"
        }
    },
    {
        "model": "ecoe.evaluationstation",
        "pk": 6,
        "fields": {
            "evaluation_group": 1,
            "station": 2,
            "student": 2,
            "station_score": 85,
            "station_comment": "Comunicación clara"
        }
    },
    {
        "model": "ecoe.evaluationstation",
        "pk": 7,
        "fields": {
            "evaluation_group": 1,
            "station": 3,
            "student": 2,
            "station_score": 80,
            "station_comment": "Diagnóstico acertado"
        }
    },
    {
        "model": "ecoe.evaluationstation",
        "pk": 8,
        "fields": {
            "evaluation_group": 1,
            "station": 4,
            "student": 2,
            "station_score": 83,
            "station_comment": "Procedimientos bien realizados"
        }
    },
    {
        "model": "ecoe.evaluationstation",
        "pk": 9,
        "fields": {
            "evaluation_group": 1,
            "station": 1,
            "student": 3,
            "station_score": 87,
            "station_comment": "Habilidades básicas correctas"
        }
    },
    {
        "model": "ecoe.evaluationstation",
        "pk": 10,
        "fields": {
            "evaluation_group": 1,
            "station": 2,
            "student": 3,
            "station_score": 89,
            "station_comment": "Comunicación efectiva"
        }
    },
    {
        "model": "ecoe.evaluationstation",
        "pk": 11,
        "fields": {
            "evaluation_group": 1,
            "station": 3,
            "student": 3,
            "station_score": 81,
            "station_comment": "Diagnóstico preciso"
        }
    },
    {
        "model": "ecoe.evaluationstation",
        "pk": 12,
        "fields": {
            "evaluation_group": 1,
            "station": 4,
            "student": 3,
            "station_score": 84,
            "station_comment": "Procedimientos adecuados"
        }
    },
    {
        "model": "ecoe.evaluationstation",
        "pk": 13,
        "fields": {
            "evaluation_group": 2,
            "station": 1,
            "student": 1,
            "station_score": 86,
            "station_comment": "Buen desempeño en habilidades básicas"
        }
    },
    {
        "model": "ecoe.evaluationstation",
        "pk": 14,
        "fields": {
            "evaluation_group": 2,
            "station": 2,
            "student": 1,
            "station_score": 91,
            "station_comment": "Excelente comunicación"
        }
    },
    {
        "model": "ecoe.evaluationstation",
        "pk": 15,
        "fields": {
            "evaluation_group": 2,
            "station": 3,
            "student": 1,
            "station_score": 79,
            "station_comment": "Diagnóstico adecuado"
        }
    },
    {
        "model": "ecoe.evaluationstation",
        "pk": 16,
        "fields": {
            "evaluation_group": 2,
            "station": 4,
            "student": 1,
            "station_score": 83,
            "station_comment": "Buenos procedimientos"
        }
    },
    {
        "model": "ecoe.evaluationstation",
        "pk": 17,
        "fields": {
            "evaluation_group": 2,
            "station": 1,
            "student": 2,
            "station_score": 89,
            "station_comment": "Muy buen desempeño"
        }
    },
    {
        "model": "ecoe.evaluationstation",
        "pk": 18,
        "fields": {
            "evaluation_group": 2,
            "station": 2,
            "student": 2,
            "station_score": 86,
            "station_comment": "Comunicación clara"
        }
    },
    {
        "model": "ecoe.evaluationstation",
        "pk": 19,
        "fields": {
            "evaluation_group": 2,
            "station": 3,
            "student": 2,
            "station_score": 81,
            "station_comment": "Diagnóstico acertado"
        }
    },
    {
        "model": "ecoe.evaluationstation",
        "pk": 20,
        "fields": {
            "evaluation_group": 2,
            "station": 4,
            "student": 2,
            "station_score": 84,
            "station_comment": "Procedimientos bien realizados"
        }
    },
    {
        "model": "ecoe.evaluationstation",
        "pk": 21,
        "fields": {
            "evaluation_group": 2,
            "station": 1,
            "student": 3,
            "station_score": 88,
            "station_comment": "Habilidades básicas correctas"
        }
    },
    {
        "model": "ecoe.evaluationstation",
        "pk": 22,
        "fields": {
            "evaluation_group": 2,
            "station": 2,
            "student": 3,
            "station_score": 90,
            "station_comment": "Comunicación efectiva"
        }
    },
    {
        "model": "ecoe.evaluationstation",
        "pk": 23,
        "fields": {
            "evaluation_group": 2,
            "station": 3,
            "student": 3,
            "station_score": 82,
            "station_comment": "Diagnóstico preciso"
        }
    },
    {
        "model": "ecoe.evaluationstation",
        "pk": 24,
        "fields": {
            "evaluation_group": 2,
            "station": 4,
            "student": 3,
            "station_score": 85,
            "station_comment": "Procedimientos adecuados"
        }
    },
    {
        "model": "ecoe.evaluationstation",
        "pk": 25,
        "fields": {
            "evaluation_group": 3,
            "station": 1,
            "student": 1,
            "station_score": 87,
            "station_comment": "Buen desempeño en habilidades básicas"
        }
    },
    {
        "model": "ecoe.evaluationstation",
        "pk": 26,
        "fields": {
            "evaluation_group": 3,
            "station": 2,
            "student": 1,
            "station_score": 92,
            "station_comment": "Excelente comunicación"
        }
    },
    {
        "model": "ecoe.evaluationstation",
        "pk": 27,
        "fields": {
            "evaluation_group": 3,
            "station": 3,
            "student": 1,
            "station_score": 80,
            "station_comment": "Diagnóstico adecuado"
        }
    },
    {
        "model": "ecoe.evaluationstation",
        "pk": 28,
        "fields": {
            "evaluation_group": 3,
            "station": 4,
            "student": 1,
            "station_score": 84,
            "station_comment": "Buenos procedimientos"
        }
    },
    {
        "model": "ecoe.evaluationstation",
        "pk": 29,
        "fields": {
            "evaluation_group": 3,
            "station": 1,
            "student": 2,
            "station_score": 90,
            "station_comment": "Muy buen desempeño"
        }
    },
    {
        "model": "ecoe.evaluationstation",
        "pk": 30,
        "fields": {
            "evaluation_group": 3,
            "station": 2,
            "student": 2,
            "station_score": 87,
            "station_comment": "Comunicación clara"
        }
    },
    {
        "model": "ecoe.evaluationstation",
        "pk": 31,
        "fields": {
            "evaluation_group": 3,
            "station": 3,
            "student": 2,
            "station_score": 82,
            "station_comment": "Diagnóstico acertado"
        }
    },
    {
        "model": "ecoe.evaluationstation",
        "pk": 32,
        "fields": {
            "evaluation_group": 3,
            "station": 4,
            "student": 2,
            "station_score": 85,
            "station_comment": "Procedimientos bien realizados"
        }
    },
    {
        "model": "ecoe.evaluationstation",
        "pk": 33,
        "fields": {
            "evaluation_group": 3,
            "station": 1,
            "student": 3,
            "station_score": 89,
            "station_comment": "Habilidades básicas correctas"
        }
    },
    {
        "model": "ecoe.evaluationstation",
        "pk": 34,
        "fields": {
            "evaluation_group": 3,
            "station": 2,
            "student": 3,
            "station_score": 91,
            "station_comment": "Comunicación efectiva"
        }
    },
    {
        "model": "ecoe.evaluationstation",
        "pk": 35,
        "fields": {
            "evaluation_group": 3,
            "station": 3,
            "student": 3,
            "station_score": 83,
            "station_comment": "Diagnóstico preciso"
        }
    },
    {
        "model": "ecoe.evaluationstation",
        "pk": 36,
        "fields": {
            "evaluation_group": 3,
            "station": 4,
            "student": 3,
            "station_score": 86,
            "station_comment": "Procedimientos adecuados"
        }
    }
]
